timestamp,action_type,item_id,cursor_time,source,user_answer,platform
1565651017866,pay,p130,,,,
1566532547478,enter,b5298,,my_note,,web
1566532582693,respond,q7242,,my_note,a,web
1566532645820,respond,q7243,,my_note,a,web
1566532707773,respond,q7244,,my_note,a,web
1566532753222,respond,q7245,,my_note,c,web
1566532755405,respond,q7245,,my_note,a,web
1566532774837,respond,q7246,,my_note,d,web
1566532788724,respond,q7243,,my_note,b,web
1566532800878,respond,q7243,,my_note,d,web
1566532812904,submit,b5298,,my_note,,web
1566532815415,enter,e5298,,my_note,,web
1566532872485,quit,e5298,,my_note,,web
1566533028007,enter,e5298,,my_note,,web
1566533427248,quit,e5298,,my_note,,web
1566533450412,enter,e5211,,my_note,,web
1566533481719,quit,e5211,,my_note,,web
1566533487185,enter,e5211,,my_note,,web
1566533545420,quit,e5211,,my_note,,web
1566533549775,enter,e5194,,my_note,,web
1566533894471,quit,e5194,,my_note,,web
1566533901260,enter,b5467,,my_note,,web
1566533980176,respond,q7851,,my_note,b,web
1566533986763,respond,q7852,,my_note,c,web
1566534055537,respond,q7853,,my_note,b,web
1566534057999,respond,q7853,,my_note,a,web
1566534095518,respond,q7854,,my_note,d,web
1566534136590,respond,q7855,,my_note,d,web
1566534141393,submit,b5467,,my_note,,web
1566534144055,enter,e5467,,my_note,,web
1566534222557,quit,e5467,,my_note,,web
1566534225503,enter,b5510,,my_note,,web
1566534257752,respond,q8014,,my_note,c,web
1566534309281,respond,q8015,,my_note,a,web
1566534315427,respond,q8015,,my_note,c,web
1566534343075,respond,q8015,,my_note,a,web
1566534378153,respond,q8016,,my_note,d,web
1566534381003,respond,q8016,,my_note,c,web
1566534387283,respond,q8016,,my_note,b,web
1566534398438,respond,q8017,,my_note,c,web
1566534410308,respond,q8017,,my_note,a,web
1566534411623,submit,b5510,,my_note,,web
1566534413461,enter,e5510,,my_note,,web
1566534522532,quit,e5510,,my_note,,web
1566804383183,enter,b5198,,my_note,,web
1566804423093,erase_choice,q6885,,my_note,d,web
1566804433325,respond,q6885,,my_note,b,web
1566804440016,respond,q6885,,my_note,a,web
1566804443670,respond,q6885,,my_note,b,web
1566804456180,respond,q6886,,my_note,a,web
1566804475807,respond,q6887,,my_note,b,web
1566804499536,respond,q6888,,my_note,c,web
1566804554693,respond,q6888,,my_note,d,web
1566804555760,submit,b5198,,my_note,,web
1566804558541,enter,e5198,,my_note,,web
1566804702913,quit,e5198,,my_note,,web
1566804705718,enter,b5220,,my_note,,web
1566804729633,respond,q6973,,my_note,c,web
1566804774666,respond,q6974,,my_note,d,web
1566804837471,respond,q6975,,my_note,c,web
1566804844642,respond,q6975,,my_note,d,web
1566804858604,respond,q6975,,my_note,c,web
1566804883255,respond,q6975,,my_note,d,web
1566804904763,respond,q6976,,my_note,a,web
1566804911171,respond,q6976,,my_note,b,web
1566804941173,respond,q6975,,my_note,c,web
1566804948555,submit,b5220,,my_note,,web
1566804951737,enter,e5220,,my_note,,web
1566805001867,quit,e5220,,my_note,,web
1566805004324,enter,b5192,,my_note,,web
1566805019924,respond,q6861,,my_note,c,web
1566805064822,respond,q6862,,my_note,a,web
1566805076912,respond,q6863,,my_note,a,web
1566805108320,respond,q6864,,my_note,a,web
1566805121509,respond,q6864,,my_note,c,web
1566805122856,submit,b5192,,my_note,,web
1566805124253,enter,e5192,,my_note,,web
1566805239313,quit,e5192,,my_note,,web
1566806389204,enter,e5192,,my_note,,web
1566806409046,quit,e5192,,my_note,,web
1566806411440,enter,b5124,,my_note,,web
1566806430776,respond,q6709,,my_note,b,web
1566806448351,respond,q6709,,my_note,d,web
1566806492088,respond,q6710,,my_note,a,web
1566806511958,respond,q6710,,my_note,c,web
1566806540095,respond,q6711,,my_note,a,web
1566806552719,respond,q6712,,my_note,a,web
1566806585296,submit,b5124,,my_note,,web
1566806587658,enter,e5124,,my_note,,web
1566806614651,quit,e5124,,my_note,,web
1566807054503,enter,e5124,,my_note,,web
1566807055489,quit,e5124,,my_note,,web
1566807732812,enter,b5122,,my_note,,web
1566807762548,respond,q6701,,my_note,d,web
1566807769920,respond,q6702,,my_note,c,web
1566807801251,respond,q6703,,my_note,a,web
1566807825388,respond,q6704,,my_note,c,web
1566807831615,submit,b5122,,my_note,,web
1566807833836,enter,e5122,,my_note,,web
1566807862730,quit,e5122,,my_note,,web
1567062982588,enter,l588,,my_note,,web
1567062989359,play_video,l588,12,my_note,,web
1567063314786,pause_video,l588,325358,my_note,,web
1567063859098,quit,l588,,my_note,,web
1567064688037,enter,b5189,,my_note,,web
1567064728620,respond,q6849,,my_note,c,web
1567064750601,respond,q6850,,my_note,d,web
1567064798634,respond,q6851,,my_note,d,web
1567064849844,respond,q6851,,my_note,c,web
1567064865921,respond,q6852,,my_note,c,web
1567064870766,submit,b5189,,my_note,,web
1567064873705,enter,e5189,,my_note,,web
1567065157602,quit,e5189,,my_note,,web
1567065159849,enter,b5116,,my_note,,web
1567065178617,respond,q6677,,my_note,d,web
1567065204006,respond,q6678,,my_note,b,web
1567065211252,respond,q6678,,my_note,c,web
1567065213502,respond,q6678,,my_note,d,web
1567065215647,respond,q6678,,my_note,b,web
1567065242061,respond,q6679,,my_note,d,web
1567065259257,respond,q6680,,my_note,c,web
1567065268479,submit,b5116,,my_note,,web
1567065271127,enter,e5116,,my_note,,web
1567065348007,quit,e5116,,my_note,,web
1567065351458,enter,b5197,,my_note,,web
1567065369122,erase_choice,q6881,,my_note,d,web
1567065372294,respond,q6881,,my_note,c,web
1567065426674,respond,q6882,,my_note,c,web
1567065459133,respond,q6883,,my_note,c,web
1567065499584,respond,q6884,,my_note,b,web
1567065509892,respond,q6884,,my_note,a,web
1567065512625,submit,b5197,,my_note,,web
1567065515013,enter,e5197,,my_note,,web
1567065691804,quit,e5197,,my_note,,web
1567065694552,enter,b5086,,my_note,,web
1567065719594,respond,q6557,,my_note,d,web
1567065753238,respond,q6558,,my_note,b,web
1567065772414,respond,q6559,,my_note,c,web
1567065821304,respond,q6560,,my_note,c,web
1567065830867,submit,b5086,,my_note,,web
1567065832854,enter,e5086,,my_note,,web
1567066018470,quit,e5086,,my_note,,web
1567066496174,enter,b2068,,my_note,,web
1567066528168,play_audio,b2068,0,my_note,,web
1567066540210,respond,q3402,,my_note,a,web
1567066551870,respond,q3403,,my_note,d,web
1567066566268,respond,q3404,,my_note,a,web
1567066567547,respond,q3404,,my_note,d,web
1567066568973,pause_audio,b2068,39519,my_note,,web
1567066568977,submit,b2068,,my_note,,web
1567066570334,enter,e2068,,my_note,,web
1567066579326,play_audio,b2068,0,my_note,,web
1567066630780,pause_audio,b2068,51118,my_note,,web
1567066630781,quit,e2068,,my_note,,web
1567066633810,enter,b1887,,my_note,,web
1567066664916,play_audio,b1887,51118,my_note,,web
1567066684045,respond,q2859,,my_note,a,web
1567066693201,respond,q2860,,my_note,d,web
1567066696832,respond,q2861,,my_note,a,web
1567066698323,pause_audio,b1887,32896,my_note,,web
1567066698325,submit,b1887,,my_note,,web
1567066700069,enter,e1887,,my_note,,web
1567066706731,play_audio,b1887,0,my_note,,web
1567066745268,pause_audio,b1887,37749,my_note,,web
1567066745269,quit,e1887,,my_note,,web
1567066747670,enter,b1918,,my_note,,web
1567066778812,play_audio,b1918,37749,my_note,,web
1567066797928,respond,q2952,,my_note,a,web
1567066809847,respond,q2953,,my_note,d,web
1567066821794,respond,q2954,,my_note,a,web
1567066830193,respond,q2954,,my_note,b,web
1567066831180,pause_audio,b1918,51481,my_note,,web
1567066831181,submit,b1918,,my_note,,web
1567066833396,enter,e1918,,my_note,,web
1567066836892,play_audio,b1918,0,my_note,,web
1567066884617,pause_audio,b1918,47531,my_note,,web
1567066884619,quit,e1918,,my_note,,web
1567066886562,enter,b1798,,my_note,,web
1567066917651,play_audio,b1798,47531,my_note,,web
1567066940353,respond,q2592,,my_note,b,web
1567066948509,respond,q2593,,my_note,c,web
1567066961607,respond,q2594,,my_note,b,web
1567066965592,pause_audio,b1798,46714,my_note,,web
1567066965594,submit,b1798,,my_note,,web
1567066968054,enter,e1798,,my_note,,web
1567066972096,play_audio,b1798,0,my_note,,web
1567067016068,pause_audio,b1798,43546,my_note,,web
1567067016069,quit,e1798,,my_note,,web
1567067019025,enter,b1915,,my_note,,web
1567067050103,play_audio,b1915,43546,my_note,,web
1567067075187,respond,q2944,,my_note,d,web
1567067088599,respond,q2945,,my_note,c,web
1567067091251,respond,q2945,,my_note,a,web
1567067095845,respond,q2943,,my_note,d,web
1567067097116,pause_audio,b1915,46355,my_note,,web
1567067097117,submit,b1915,,my_note,,web
1567067099304,enter,e1915,,my_note,,web
1567067110376,play_audio,b1915,0,my_note,,web
1567067149302,pause_audio,b1915,38852,my_note,,web
1567067149303,quit,e1915,,my_note,,web
1567067232643,enter,e1915,,my_note,,web
1567067675107,quit,e1915,,my_note,,web
1567068064823,enter,l550,,adaptive_offer,,web
1567068076248,play_video,l550,59,adaptive_offer,,web
1567068216286,quit,l550,,adaptive_offer,,web
1567068223112,enter,e3071,,adaptive_offer,,web
1567068225418,quit,e3071,,adaptive_offer,,web
1567068228616,enter,b4717,,adaptive_offer,,web
1567068231305,respond,q6185,,adaptive_offer,c,web
1567068232208,submit,b4717,,adaptive_offer,,web
1567068233136,enter,e4717,,adaptive_offer,,web
1567068234851,quit,e4717,,adaptive_offer,,web
1567068243863,enter,l533,,adaptive_offer,,web
1567068248603,play_video,l533,21,adaptive_offer,,web
1567068380049,pause_video,l533,131401,adaptive_offer,,web
1567068387279,quit,l533,,adaptive_offer,,web
1567068390612,enter,b4793,,adaptive_offer,,web
1567068393027,respond,q6261,,adaptive_offer,a,web
1567068394269,submit,b4793,,adaptive_offer,,web
1567068395230,enter,e4793,,adaptive_offer,,web
1567068398415,quit,e4793,,adaptive_offer,,web
1567068400869,enter,b5833,,adaptive_offer,,web
1567068409684,respond,q8482,,adaptive_offer,a,web
1567068411247,submit,b5833,,adaptive_offer,,web
1567068412468,enter,e5833,,adaptive_offer,,web
1567068414640,quit,e5833,,adaptive_offer,,web
1567068421048,enter,b2672,,sprint,,web
1567068424380,respond,q4140,,sprint,a,web
1567068445013,respond,q4140,,sprint,d,web
1567068445796,submit,b2672,,sprint,,web
1567068446663,enter,e2672,,sprint,,web
1567068540251,quit,e2672,,sprint,,web
1567068543309,enter,b2849,,sprint,,web
1567068579016,respond,q4317,,sprint,a,web
1567068593075,submit,b2849,,sprint,,web
1567068594493,enter,e2849,,sprint,,web
1567068646694,quit,e2849,,sprint,,web
1567068649386,enter,b11333,,sprint,,web
1567068664774,respond,q17096,,sprint,a,web
1567068666085,respond,q17096,,sprint,b,web
1567068670208,submit,b11333,,sprint,,web
1567068671431,enter,e11333,,sprint,,web
1567068691096,quit,e11333,,sprint,,web
1567068695146,enter,b4305,,sprint,,web
1567068710048,respond,q5773,,sprint,b,web
1567068712195,submit,b4305,,sprint,,web
1567068713449,enter,e4305,,sprint,,web
1567068722546,quit,e4305,,sprint,,web
1567068725549,enter,b4928,,sprint,,web
1567068772009,respond,q6396,,sprint,a,web
1567068774048,submit,b4928,,sprint,,web
1567068775280,enter,e4928,,sprint,,web
1567068921708,quit,e4928,,sprint,,web
1567068927763,enter,b4311,,sprint,,web
1567068973309,respond,q5779,,sprint,a,web
1567068976625,respond,q5779,,sprint,d,web
1567068992470,respond,q5779,,sprint,b,web
1567068998475,submit,b4311,,sprint,,web
1567068999793,enter,e4311,,sprint,,web
1567069055163,quit,e4311,,sprint,,web
1567069058402,enter,b6380,,sprint,,web
1567069072882,respond,q9029,,sprint,d,web
1567069078985,submit,b6380,,sprint,,web
1567069080812,enter,e6380,,sprint,,web
1567069102467,quit,e6380,,sprint,,web
1567069105599,enter,b3774,,sprint,,web
1567069118166,respond,q5242,,sprint,c,web
1567069127512,submit,b3774,,sprint,,web
1567069134810,enter,l552,,adaptive_offer,,web
1567069140503,play_video,l552,20,adaptive_offer,,web
1567069316629,pause_video,l552,176030,adaptive_offer,,web
1567069488460,quit,l552,,adaptive_offer,,web
1567069491768,enter,b4718,,adaptive_offer,,web
1567069503162,respond,q6186,,adaptive_offer,c,web
1567069514596,submit,b4718,,adaptive_offer,,web
1567069516482,enter,e4718,,adaptive_offer,,web
1567069537284,quit,e4718,,adaptive_offer,,web
1567069540420,enter,b3774,,adaptive_offer,,web
1567069543019,respond,q5242,,adaptive_offer,a,web
1567069544945,submit,b3774,,adaptive_offer,,web
1567069545876,enter,e3774,,adaptive_offer,,web
1567069559030,quit,e3774,,adaptive_offer,,web
1567069560310,enter,e3774,,sprint,,web
1567069563056,quit,e3774,,sprint,,web
1567069566433,enter,b2351,,sprint,,web
1567069577184,respond,q3819,,sprint,c,web
1567069579643,respond,q3819,,sprint,d,web
1567069581106,submit,b2351,,sprint,,web
1567069582143,enter,e2351,,sprint,,web
1567069590990,quit,e2351,,sprint,,web
1567069594711,enter,b4293,,sprint,,web
1567069609614,respond,q5761,,sprint,d,web
1567069620656,respond,q5761,,sprint,c,web
1567069623833,submit,b4293,,sprint,,web
1567069625628,enter,e4293,,sprint,,web
1567069638067,quit,e4293,,sprint,,web
1567069644323,enter,b6342,,sprint,,web
1567069705936,respond,q8991,,sprint,c,web
1567069708915,respond,q8991,,sprint,d,web
1567069711293,submit,b6342,,sprint,,web
1567069712691,enter,e6342,,sprint,,web
1567069719529,quit,e6342,,sprint,,web
1567069723805,enter,b4333,,sprint,,web
1567069754445,respond,q5801,,sprint,a,web
1567069759436,submit,b4333,,sprint,,web
1567069761689,enter,e4333,,sprint,,web
1567069777964,quit,e4333,,sprint,,web
1567069781147,enter,b4587,,sprint,,web
1567069797542,respond,q6055,,sprint,b,web
1567069818408,respond,q6055,,sprint,c,web
1567069820847,submit,b4587,,sprint,,web
1567069827309,enter,e4587,,sprint,,web
1567069830628,quit,e4587,,sprint,,web
1567069834172,enter,b3457,,sprint,,web
1567069842382,respond,q4925,,sprint,a,web
1567069845997,submit,b3457,,sprint,,web
1567069854034,enter,l524,,adaptive_offer,,web
1567069859599,play_video,l524,47,adaptive_offer,,web
1567069891419,quit,l524,,adaptive_offer,,web
1567069907336,enter,e4429,,adaptive_offer,,web
1567069914078,quit,e4429,,adaptive_offer,,web
1567069916586,enter,b3457,,adaptive_offer,,web
1567069920456,respond,q4925,,adaptive_offer,c,web
1567069921385,submit,b3457,,adaptive_offer,,web
1567069923028,enter,e3457,,adaptive_offer,,web
1567069924932,quit,e3457,,adaptive_offer,,web
1567069927298,enter,e3457,,sprint,,web
1567069929231,quit,e3457,,sprint,,web
1567069932067,enter,b6102,,sprint,,web
1567069952233,respond,q8751,,sprint,d,web
1567069953230,submit,b6102,,sprint,,web
1567069954705,enter,e6102,,sprint,,web
1567069963702,quit,e6102,,sprint,,web
1567069967063,enter,b3042,,sprint,,web
1567069976245,respond,q4510,,sprint,b,web
1567069983279,submit,b3042,,sprint,,web
1567069985402,enter,e3042,,sprint,,web
1567070002250,quit,e3042,,sprint,,web
1567070005831,enter,b5146,,sprint,,web
1567070058936,respond,q6740,,sprint,c,web
1567070059893,submit,b5146,,sprint,,web
1567070061210,enter,e5146,,sprint,,web
1567070063558,quit,e5146,,sprint,,web
1567070067456,enter,b3211,,sprint,,web
1567070071605,respond,q4679,,sprint,a,web
1567070074406,submit,b3211,,sprint,,web
1567070075509,enter,e3211,,sprint,,web
1567070077638,quit,e3211,,sprint,,web
1567070080639,enter,b5671,,sprint,,web
1567070087821,respond,q8200,,sprint,b,web
1567070095491,respond,q8200,,sprint,a,web
1567070100132,submit,b5671,,sprint,,web
1567070101313,enter,e5671,,sprint,,web
1567070106502,quit,e5671,,sprint,,web
1567070110150,enter,b2832,,sprint,,web
1567070114945,respond,q4300,,sprint,b,web
1567070116446,submit,b2832,,sprint,,web
1567070142582,enter,e2832,,sprint,,web
1567070166690,quit,e2832,,sprint,,web
1567070195244,enter,b3626,,adaptive_offer,,web
1567070199131,respond,q5094,,adaptive_offer,c,web
1567070203978,submit,b3626,,adaptive_offer,,web
1567070205404,enter,e3626,,adaptive_offer,,web
1567070208418,quit,e3626,,adaptive_offer,,web
1567070212612,enter,b2832,,adaptive_offer,,web
1567070214555,respond,q4300,,adaptive_offer,b,web
1567070216771,respond,q4300,,adaptive_offer,d,web
1567070217557,submit,b2832,,adaptive_offer,,web
1567070219703,enter,e2832,,adaptive_offer,,web
1567070221705,quit,e2832,,adaptive_offer,,web
1567070234571,enter,b2619,,adaptive_offer,,web
1567070243623,respond,q4087,,adaptive_offer,d,web
1567070249422,respond,q4087,,adaptive_offer,c,web
1567070257885,submit,b2619,,adaptive_offer,,web
1567070259135,enter,e2619,,adaptive_offer,,web
1567070264113,quit,e2619,,adaptive_offer,,web
1567070266676,enter,b4587,,adaptive_offer,,web
1567070270439,respond,q6055,,adaptive_offer,b,web
1567070271443,submit,b4587,,adaptive_offer,,web
1567070272986,enter,e4587,,adaptive_offer,,web
1567070274510,quit,e4587,,adaptive_offer,,web
1567070345387,enter,b4307,,sprint,,web
1567070374366,respond,q5775,,sprint,a,web
1567070377993,respond,q5775,,sprint,d,web
1567070380448,submit,b4307,,sprint,,web
1567070381571,enter,e4307,,sprint,,web
1567070384579,quit,e4307,,sprint,,web
1567070388051,enter,b3842,,sprint,,web
1567070419004,respond,q5310,,sprint,a,web
1567070425621,respond,q5310,,sprint,c,web
1567070438217,submit,b3842,,sprint,,web
1567070440028,enter,e3842,,sprint,,web
1567070448789,quit,e3842,,sprint,,web
1567070455496,enter,b11497,,sprint,,web
1567070469442,respond,q17260,,sprint,b,web
1567070476600,submit,b11497,,sprint,,web
1567070478330,enter,e11497,,sprint,,web
1567070481552,quit,e11497,,sprint,,web
1567070484470,enter,b2787,,sprint,,web
1567070500418,respond,q4255,,sprint,b,web
1567070508727,submit,b2787,,sprint,,web
1567070509872,enter,e2787,,sprint,,web
1567070523419,quit,e2787,,sprint,,web
1567070526914,enter,b6929,,sprint,,web
1567070555970,respond,q9578,,sprint,a,web
1567070561953,respond,q9578,,sprint,c,web
1567070566908,respond,q9578,,sprint,a,web
1567070569763,respond,q9578,,sprint,d,web
1567070577255,submit,b6929,,sprint,,web
1567070578820,enter,e6929,,sprint,,web
1567070589589,quit,e6929,,sprint,,web
1567135904904,enter,b5088,,my_note,,web
1567135910710,respond,q6565,,my_note,a,web
1567135956110,respond,q6566,,my_note,d,web
1567135958592,respond,q6566,,my_note,a,web
1567135974793,respond,q6567,,my_note,d,web
1567135997825,respond,q6567,,my_note,b,web
1567136026105,respond,q6568,,my_note,b,web
1567136039478,submit,b5088,,my_note,,web
1567136042847,enter,e5088,,my_note,,web
1567136799169,quit,e5088,,my_note,,web
1567136802819,enter,b5174,,my_note,,web
1567136829970,respond,q6789,,my_note,a,web
1567136863145,respond,q6790,,my_note,c,web
1567136873645,respond,q6791,,my_note,d,web
1567136896711,respond,q6792,,my_note,b,web
1567136901881,submit,b5174,,my_note,,web
1567136904355,enter,e5174,,my_note,,web
1567137376311,quit,e5174,,my_note,,web
1567137378585,enter,b5183,,my_note,,web
1567137397251,respond,q6825,,my_note,a,web
1567137447436,respond,q6826,,my_note,b,web
1567137452775,respond,q6826,,my_note,c,web
1567137460535,respond,q6826,,my_note,a,web
1567137466509,respond,q6826,,my_note,b,web
1567137535443,respond,q6827,,my_note,d,web
1567137566544,respond,q6828,,my_note,b,web
1567137572243,respond,q6828,,my_note,c,web
1567137576476,respond,q6828,,my_note,a,web
1567137577470,respond,q6828,,my_note,d,web
1567137579638,submit,b5183,,my_note,,web
1567137581832,enter,e5183,,my_note,,web
1567137737021,quit,e5183,,my_note,,web
1567137740970,enter,b5176,,my_note,,web
1567137776631,respond,q6797,,my_note,c,web
1567137793398,respond,q6797,,my_note,a,web
1567137807225,respond,q6797,,my_note,c,web
1567137839667,respond,q6798,,my_note,d,web
1567137843066,respond,q6798,,my_note,b,web
1567137862440,respond,q6799,,my_note,c,web
1567137896440,respond,q6800,,my_note,c,web
1567137900579,submit,b5176,,my_note,,web
1567137902854,enter,e5176,,my_note,,web
1567138105616,quit,e5176,,my_note,,web
1567138389211,enter,b5112,,my_note,,web
1567138409638,respond,q6661,,my_note,b,web
1567138422058,respond,q6661,,my_note,c,web
1567138451149,respond,q6662,,my_note,b,web
1567138462285,respond,q6663,,my_note,b,web
1567138475701,respond,q6664,,my_note,c,web
1567138482626,submit,b5112,,my_note,,web
1567138484815,enter,e5112,,my_note,,web
1567138632688,quit,e5112,,my_note,,web
1567138635478,enter,b5196,,my_note,,web
1567138657892,respond,q6877,,my_note,a,web
1567138660576,respond,q6877,,my_note,d,web
1567138671628,respond,q6877,,my_note,b,web
1567138674096,respond,q6877,,my_note,d,web
1567138691014,respond,q6878,,my_note,b,web
1567138730725,respond,q6879,,my_note,b,web
1567138739560,respond,q6879,,my_note,a,web
1567138767589,respond,q6880,,my_note,d,web
1567138769604,submit,b5196,,my_note,,web
1567138772191,enter,e5196,,my_note,,web
1567138911008,quit,e5196,,my_note,,web
1567138913279,enter,b5119,,my_note,,web
1567139029191,respond,q6689,,my_note,d,web
1567139040824,respond,q6690,,my_note,c,web
1567139061041,respond,q6691,,my_note,a,web
1567139079050,respond,q6692,,my_note,b,web
1567139083389,submit,b5119,,my_note,,web
1567139085175,enter,e5119,,my_note,,web
1567139345865,quit,e5119,,my_note,,web
1567139348360,enter,b5178,,my_note,,web
1567139383249,respond,q6805,,my_note,c,web
1567139401851,respond,q6805,,my_note,a,web
1567139433825,respond,q6806,,my_note,b,web
1567139438724,respond,q6806,,my_note,c,web
1567139462795,respond,q6807,,my_note,b,web
1567139471837,respond,q6807,,my_note,d,web
1567139492069,respond,q6808,,my_note,b,web
1567139497687,submit,b5178,,my_note,,web
1567139499739,enter,e5178,,my_note,,web
1567139753782,quit,e5178,,my_note,,web
1567141307432,enter,b2045,,my_note,,web
1567141339104,play_audio,b2045,0,my_note,,web
1567141354942,respond,q3333,,my_note,c,web
1567141373004,respond,q3334,,my_note,a,web
1567141381336,respond,q3335,,my_note,a,web
1567141385586,pause_audio,b2045,45505,my_note,,web
1567141385587,submit,b2045,,my_note,,web
1567141387219,enter,e2045,,my_note,,web
1567141400640,play_audio,b2045,0,my_note,,web
1567141439195,pause_audio,b2045,38408,my_note,,web
1567141439195,quit,e2045,,my_note,,web
1567141441339,enter,b2051,,my_note,,web
1567141472406,play_audio,b2051,38408,my_note,,web
1567141493301,respond,q3351,,my_note,b,web
1567141499613,respond,q3352,,my_note,a,web
1567141501320,respond,q3351,,my_note,d,web
1567141506823,respond,q3353,,my_note,d,web
1567141513305,pause_audio,b2051,39915,my_note,,web
1567141513306,submit,b2051,,my_note,,web
1567141514762,enter,e2051,,my_note,,web
1567141523173,play_audio,b2051,0,my_note,,web
1567141561701,pause_audio,b2051,38122,my_note,,web
1567141561702,quit,e2051,,my_note,,web
1567141563753,enter,b1824,,my_note,,web
1567141569727,respond,q2670,,my_note,a,web
1567141572058,respond,q2670,,my_note,c,web
1567141573424,respond,q2670,,my_note,d,web
1567141594832,play_audio,b1824,38122,my_note,,web
1567141624646,respond,q2671,,my_note,b,web
1567141627692,respond,q2672,,my_note,a,web
1567141640326,respond,q2670,,my_note,b,web
1567141641870,pause_audio,b1824,46398,my_note,,web
1567141641871,submit,b1824,,my_note,,web
1567141643745,enter,e1824,,my_note,,web
1567141647333,play_audio,b1824,0,my_note,,web
1567141695177,pause_audio,b1824,47438,my_note,,web
1567141695178,quit,e1824,,my_note,,web
1567141697225,enter,b1827,,my_note,,web
1567141728301,play_audio,b1827,47438,my_note,,web
1567141762243,respond,q2681,,my_note,a,web
1567141767838,respond,q2680,,my_note,b,web
1567141774082,respond,q2679,,my_note,b,web
1567141777496,pause_audio,b1827,48500,my_note,,web
1567141777497,submit,b1827,,my_note,,web
1567141778850,enter,e1827,,my_note,,web
1567141788192,quit,e1827,,my_note,,web
1567141790033,enter,b2008,,my_note,,web
1567141821089,play_audio,b2008,0,my_note,,web
1567141836075,respond,q3223,,my_note,c,web
1567141840801,respond,q3222,,my_note,a,web
1567141854445,respond,q3224,,my_note,a,web
1567141858990,respond,q3224,,my_note,d,web
1567141860085,pause_audio,b2008,38543,my_note,,web
1567141860087,submit,b2008,,my_note,,web
1567141861767,enter,e2008,,my_note,,web
1567141866772,play_audio,b2008,0,my_note,,web
1567141905367,pause_audio,b2008,38543,my_note,,web
1567141905368,quit,e2008,,my_note,,web
1567143186416,enter,b1557,,tutor,,web
1567143217434,play_audio,b1557,38543,tutor,,web
1567143231959,respond,q1870,,tutor,c,web
1567143252476,respond,q1870,,tutor,d,web
1567143261797,respond,q1870,,tutor,b,web
1567143274021,submit,b1557,,tutor,,web
1567143434547,enter,b1560,,tutor,,web
1567143440457,play_audio,b1560,0,tutor,,web
1567143459102,submit,b1560,,tutor,,web
1567143461617,enter,b1466,,tutor,,web
1567143509019,respond,q1596,,tutor,c,web
1567143513162,respond,q1596,,tutor,b,web
1567143521448,respond,q1596,,tutor,a,web
1567143533320,respond,q1596,,tutor,b,web
1567143543115,submit,b1466,,tutor,,web
1567143634430,enter,b1083,,tutor,,web
1567143637678,play_audio,b1083,0,tutor,,web
1567143653674,pause_audio,b1083,15986,tutor,,web
1567143656479,submit,b1083,,tutor,,web
1567143659805,enter,b1387,,tutor,,web
1567143663433,play_audio,b1387,15986,tutor,,web
1567143672942,respond,q1387,,tutor,a,web
1567143676070,submit,b1387,,tutor,,web
1567143685515,enter,b1556,,tutor,,web
1567143701679,respond,q1867,,tutor,b,web
1567143727020,respond,q1867,,tutor,b,web
1567143743863,respond,q1867,,tutor,d,web
1567143755321,respond,q1867,,tutor,c,web
1567143765999,respond,q1867,,tutor,b,web
1567143769247,submit,b1556,,tutor,,web
1567144621315,enter,b2573,,sprint,,web
1567144629687,respond,q4041,,sprint,b,web
1567144636373,respond,q4041,,sprint,c,web
1567144638496,respond,q4041,,sprint,d,web
1567144640106,respond,q4041,,sprint,b,web
1567144643120,submit,b2573,,sprint,,web
1567144644007,enter,e2573,,sprint,,web
1567144651638,quit,e2573,,sprint,,web
1567144653715,enter,b5860,,sprint,,web
1567144668759,respond,q8509,,sprint,c,web
1567144669871,submit,b5860,,sprint,,web
1567144670999,enter,e5860,,sprint,,web
1567144758350,quit,e5860,,sprint,,web
1567144762015,enter,b4203,,sprint,,web
1567144777103,respond,q5671,,sprint,c,web
1567144780279,respond,q5671,,sprint,d,web
1567144781901,submit,b4203,,sprint,,web
1567144782881,enter,e4203,,sprint,,web
1567144786678,quit,e4203,,sprint,,web
1567144791070,enter,b4085,,sprint,,web
1567144799197,respond,q5553,,sprint,d,web
1567144801561,submit,b4085,,sprint,,web
1567144807928,enter,l532,,adaptive_offer,,web
1567144827239,play_video,l532,30,adaptive_offer,,web
1567144960856,pause_video,l532,133584,adaptive_offer,,web
1567144963368,quit,l532,,adaptive_offer,,web
1567144965524,enter,b4392,,adaptive_offer,,web
1567144983443,respond,q5860,,adaptive_offer,d,web
1567144984932,submit,b4392,,adaptive_offer,,web
1567144985705,enter,e4392,,adaptive_offer,,web
1567144999191,quit,e4392,,adaptive_offer,,web
1567145001548,enter,b4085,,adaptive_offer,,web
1567145006244,respond,q5553,,adaptive_offer,b,web
1567145010929,submit,b4085,,adaptive_offer,,web
1567145012644,enter,e4085,,adaptive_offer,,web
1567145019872,quit,e4085,,adaptive_offer,,web
1567145020850,enter,e4085,,sprint,,web
1567145023156,quit,e4085,,sprint,,web
1567145025849,enter,b2934,,sprint,,web
1567145053622,respond,q4402,,sprint,a,web
1567145055404,submit,b2934,,sprint,,web
1567145056395,enter,e2934,,sprint,,web
1567145060684,quit,e2934,,sprint,,web
1567145064263,enter,b11569,,sprint,,web
1567145072115,respond,q17332,,sprint,c,web
1567145073535,submit,b11569,,sprint,,web
1567145074432,enter,e11569,,sprint,,web
1567145077138,quit,e11569,,sprint,,web
1567145081069,enter,b3062,,sprint,,web
1567145086624,respond,q4530,,sprint,b,web
1567145088973,respond,q4530,,sprint,d,web
1567145091216,respond,q4530,,sprint,b,web
1567145099120,respond,q4530,,sprint,d,web
1567145100493,submit,b3062,,sprint,,web
1567145101441,enter,e3062,,sprint,,web
1567145107233,quit,e3062,,sprint,,web
1567145111117,enter,b3166,,sprint,,web
1567145120044,respond,q4634,,sprint,a,web
1567145121315,submit,b3166,,sprint,,web
1567145122323,enter,e3166,,sprint,,web
1567145131744,quit,e3166,,sprint,,web
1567145134741,enter,b5026,,sprint,,web
1567145147329,respond,q6494,,sprint,d,web
1567145150675,submit,b5026,,sprint,,web
1567145152699,enter,e5026,,sprint,,web
1567145158323,quit,e5026,,sprint,,web
1567145163399,enter,b11499,,sprint,,web
1567145189264,respond,q17262,,sprint,b,web
1567145191903,respond,q17262,,sprint,d,web
1567145193834,submit,b11499,,sprint,,web
1567145194941,enter,e11499,,sprint,,web
1567145197627,quit,e11499,,sprint,,web
1567145201153,enter,b2357,,sprint,,web
1567145223756,respond,q3825,,sprint,c,web
1567145231335,submit,b2357,,sprint,,web
1567145232436,enter,e2357,,sprint,,web
1567145238472,quit,e2357,,sprint,,web
1567145242200,enter,b3051,,sprint,,web
1567145251091,respond,q4519,,sprint,a,web
1567145256538,submit,b3051,,sprint,,web
1567145257737,enter,e3051,,sprint,,web
1567145267430,quit,e3051,,sprint,,web
1567145280478,enter,b5077,,sprint,,web
1567145296752,respond,q6545,,sprint,c,web
1567145316268,respond,q6545,,sprint,a,web
1567145317890,submit,b5077,,sprint,,web
1567145319405,enter,e5077,,sprint,,web
1567145322340,quit,e5077,,sprint,,web
1567145325509,enter,b7679,,sprint,,web
1567145338989,respond,q10328,,sprint,b,web
1567145343930,submit,b7679,,sprint,,web
1567145344955,enter,e7679,,sprint,,web
1567145352413,quit,e7679,,sprint,,web
1567145355278,enter,b3871,,sprint,,web
1567145361862,respond,q5339,,sprint,a,web
1567145368280,respond,q5339,,sprint,c,web
1567145369800,submit,b3871,,sprint,,web
1567145371261,enter,e3871,,sprint,,web
1567145376140,quit,e3871,,sprint,,web
1567600652483,enter,b5645,,sprint,,web
1567600653096,play_audio,b5645,0,sprint,,web
1567600671731,pause_audio,b5645,18155,sprint,,web
1567600673689,respond,q8174,,sprint,d,web
1567600675384,submit,b5645,,sprint,,web
1567600676898,enter,e5645,,sprint,,web
1567600687252,quit,e5645,,sprint,,web
1567600689342,enter,b5572,,sprint,,web
1567600689388,play_audio,b5572,0,sprint,,web
1567600702000,respond,q8101,,sprint,b,web
1567600707650,erase_choice,q8101,,sprint,c,web
1567600709110,pause_audio,b5572,19278,sprint,,web
1567600709755,submit,b5572,,sprint,,web
1567600710556,enter,e5572,,sprint,,web
1567600716989,quit,e5572,,sprint,,web
1567600718702,enter,b181,,sprint,,web
1567600718738,play_audio,b181,0,sprint,,web
1567600728882,erase_choice,q181,,sprint,a,web
1567600738942,pause_audio,b181,19670,sprint,,web
1567600739443,respond,q181,,sprint,d,web
1567600740522,submit,b181,,sprint,,web
1567600741653,enter,e181,,sprint,,web
1567600744507,quit,e181,,sprint,,web
1567600746629,enter,b8205,,sprint,,web
1567600746691,play_audio,b8205,0,sprint,,web
1567600755198,erase_choice,q11152,,sprint,a,web
1567600758649,respond,q11152,,sprint,b,web
1567600759595,pause_audio,b8205,12294,sprint,,web
1567600759596,submit,b8205,,sprint,,web
1567600760655,enter,e8205,,sprint,,web
1567600762512,quit,e8205,,sprint,,web
1567600764504,enter,b5536,,sprint,,web
1567600764530,play_audio,b5536,0,sprint,,web
1567600773537,erase_choice,q8065,,sprint,a,web
1567600777423,erase_choice,q8065,,sprint,b,web
1567600781608,respond,q8065,,sprint,d,web
1567600781613,erase_choice,q8065,,sprint,c,web
1567600783892,pause_audio,b5536,18834,sprint,,web
1567600785272,submit,b5536,,sprint,,web
1567600786675,enter,e5536,,sprint,,web
1567600788107,quit,e5536,,sprint,,web
1567600789766,enter,b119,,sprint,,web
1567600789791,play_audio,b119,0,sprint,,web
1567600811594,pause_audio,b119,21263,sprint,,web
1567600811699,respond,q119,,sprint,d,web
1567600812659,submit,b119,,sprint,,web
1567600813811,enter,e119,,sprint,,web
1567600820229,quit,e119,,sprint,,web
1567600821988,enter,b5549,,sprint,,web
1567600822034,play_audio,b5549,0,sprint,,web
1567600831131,respond,q8078,,sprint,a,web
1567600835631,erase_choice,q8078,,sprint,b,web
1567600838748,erase_choice,q8078,,sprint,c,web
1567600842452,pause_audio,b5549,19905,sprint,,web
1567600842977,submit,b5549,,sprint,,web
1567600843779,enter,e5549,,sprint,,web
1567600845690,quit,e5549,,sprint,,web
1567600847080,enter,b8027,,sprint,,web
1567600847106,play_audio,b8027,0,sprint,,web
1567600856749,respond,q10974,,sprint,a,web
1567600866528,pause_audio,b8027,18886,sprint,,web
1567600867820,erase_choice,q10974,,sprint,d,web
1567600869589,submit,b8027,,sprint,,web
1567600870843,enter,e8027,,sprint,,web
1567600882368,quit,e8027,,sprint,,web
1567600883878,enter,b19,,sprint,,web
1567600883905,play_audio,b19,0,sprint,,web
1567600894250,respond,q19,,sprint,a,web
1567600903927,pause_audio,b19,19664,sprint,,web
1567600903929,submit,b19,,sprint,,web
1567600905008,enter,e19,,sprint,,web
1567600907299,quit,e19,,sprint,,web
1567600908939,enter,b22,,sprint,,web
1567600908975,play_audio,b22,0,sprint,,web
1567600921827,erase_choice,q22,,sprint,b,web
1567600928221,pause_audio,b22,18991,sprint,,web
1567600929426,erase_choice,q22,,sprint,d,web
1567600930322,respond,q22,,sprint,c,web
1567600931649,submit,b22,,sprint,,web
1567600932581,enter,e22,,sprint,,web
1567600938103,quit,e22,,sprint,,web
1567600974447,enter,b1266,,sprint,,web
1567600974567,play_audio,b1266,0,sprint,,web
1567600987825,respond,q1266,,sprint,a,web
1567600989289,pause_audio,b1266,14524,sprint,,web
1567600989915,submit,b1266,,sprint,,web
1567600991396,enter,e1266,,sprint,,web
1567601008578,play_audio,b1266,0,sprint,,web
1567601023134,pause_audio,b1266,14524,sprint,,web
1567601023878,quit,e1266,,sprint,,web
1567601025680,enter,b787,,sprint,,web
1567601025705,play_audio,b787,14524,sprint,,web
1567601035971,respond,q787,,sprint,a,web
1567601041989,pause_audio,b787,15777,sprint,,web
1567601042157,submit,b787,,sprint,,web
1567601043359,enter,e787,,sprint,,web
1567601052435,quit,e787,,sprint,,web
1567601055132,enter,b323,,sprint,,web
1567601055162,play_audio,b323,0,sprint,,web
1567601070616,respond,q323,,sprint,a,web
1567601074508,pause_audio,b323,18834,sprint,,web
1567601074854,submit,b323,,sprint,,web
1567601075866,enter,e323,,sprint,,web
1567601088778,quit,e323,,sprint,,web
1567601090374,enter,b527,,sprint,,web
1567601090419,play_audio,b527,0,sprint,,web
1567601103389,respond,q527,,sprint,a,web
1567601107487,pause_audio,b527,16535,sprint,,web
1567601109790,submit,b527,,sprint,,web
1567601124993,enter,l689,,adaptive_offer,,web
1567601130194,play_video,l689,10,adaptive_offer,,web
1567601300326,pause_video,l689,169993,adaptive_offer,,web
1567601300326,quit,l689,,adaptive_offer,,web
1567601548259,enter,e323,,adaptive_offer,,web
1567601559719,quit,e323,,adaptive_offer,,web
1567601561407,enter,b1261,,adaptive_offer,,web
1567601561465,play_audio,b1261,0,adaptive_offer,,web
1567601578528,pause_audio,b1261,16143,adaptive_offer,,web
1567601579346,respond,q1261,,adaptive_offer,c,web
1567601580439,submit,b1261,,adaptive_offer,,web
1567601581843,enter,e1261,,adaptive_offer,,web
1567601590677,quit,e1261,,adaptive_offer,,web
1567601591560,enter,b527,,adaptive_offer,,web
1567601591588,play_audio,b527,0,adaptive_offer,,web
1567601601682,respond,q527,,adaptive_offer,b,web
1567601604293,pause_audio,b527,12471,adaptive_offer,,web
1567601604295,submit,b527,,adaptive_offer,,web
1567601605087,enter,e527,,adaptive_offer,,web
1567601628584,quit,e527,,adaptive_offer,,web
1567601629986,enter,e527,,sprint,,web
1567601635988,quit,e527,,sprint,,web
1567601662710,enter,l447,,adaptive_offer,,web
1567601669480,play_video,l447,18,adaptive_offer,,web
1567601876954,pause_video,l447,207400,adaptive_offer,,web
1567601876954,quit,l447,,adaptive_offer,,web
1567601878218,enter,b639,,adaptive_offer,,web
1567601878330,play_audio,b639,0,adaptive_offer,,web
1567601889266,erase_choice,q639,,adaptive_offer,a,web
1567601894254,respond,q639,,adaptive_offer,b,web
1567601897032,pause_audio,b639,18378,adaptive_offer,,web
1567601897407,submit,b639,,adaptive_offer,,web
1567601898670,enter,e639,,adaptive_offer,,web
1567601904976,quit,e639,,adaptive_offer,,web
1567601906151,enter,b1193,,adaptive_offer,,web
1567601906193,play_audio,b1193,0,adaptive_offer,,web
1567601922805,pause_audio,b1193,16091,adaptive_offer,,web
1567601925824,respond,q1193,,adaptive_offer,b,web
1567601927962,submit,b1193,,adaptive_offer,,web
1567601928890,enter,e1193,,adaptive_offer,,web
1567601946471,play_audio,b1193,0,adaptive_offer,,web
1567601962589,pause_audio,b1193,16091,adaptive_offer,,web
1567601967383,quit,e1193,,adaptive_offer,,web
1567601979255,enter,l684,,adaptive_offer,,web
1567601984687,play_video,l684,16,adaptive_offer,,web
1567602121167,pause_video,l684,136394,adaptive_offer,,web
1567602121167,quit,l684,,adaptive_offer,,web
1567602122433,enter,b1316,,adaptive_offer,,web
1567602122559,play_audio,b1316,16091,adaptive_offer,,web
1567602139534,respond,q1316,,adaptive_offer,b,web
1567602139704,pause_audio,b1316,16561,adaptive_offer,,web
1567602140726,respond,q1316,,adaptive_offer,c,web
1567602142269,submit,b1316,,adaptive_offer,,web
1567602143155,enter,e1316,,adaptive_offer,,web
1567602147205,play_audio,b1316,0,adaptive_offer,,web
1567602163811,pause_audio,b1316,16561,adaptive_offer,,web
1567602164648,quit,e1316,,adaptive_offer,,web
1567602166060,enter,b1261,,adaptive_offer,,web
1567602166079,play_audio,b1261,16561,adaptive_offer,,web
1567602180656,respond,q1261,,adaptive_offer,b,web
1567602182376,pause_audio,b1261,16143,adaptive_offer,,web
1567602183376,submit,b1261,,adaptive_offer,,web
1567602184472,enter,e1261,,adaptive_offer,,web
1567602186634,play_audio,b1261,0,adaptive_offer,,web
1567602202808,pause_audio,b1261,16143,adaptive_offer,,web
1567602203643,quit,e1261,,adaptive_offer,,web
1567602210457,enter,b526,,sprint,,web
1567602210582,play_audio,b526,16143,sprint,,web
1567602220639,erase_choice,q526,,sprint,a,web
1567602224941,respond,q526,,sprint,b,web
1567602227325,pause_audio,b526,16326,sprint,,web
1567602227998,submit,b526,,sprint,,web
1567602230138,enter,e526,,sprint,,web
1567602232585,play_audio,b526,0,sprint,,web
1567602248935,pause_audio,b526,16326,sprint,,web
1567602250962,quit,e526,,sprint,,web
1567602252632,enter,b825,,sprint,,web
1567602252654,play_audio,b825,16326,sprint,,web
1567602269072,pause_audio,b825,16222,sprint,,web
1567602269340,erase_choice,q825,,sprint,a,web
1567602270305,respond,q825,,sprint,b,web
1567602270307,erase_choice,q825,,sprint,c,web
1567602272043,submit,b825,,sprint,,web
1567602273345,enter,e825,,sprint,,web
1567602275710,quit,e825,,sprint,,web
1567602277732,enter,b1368,,sprint,,web
1567602277776,play_audio,b1368,0,sprint,,web
1567602294442,respond,q1368,,sprint,a,web
1567602294623,pause_audio,b1368,16334,sprint,,web
1567602295572,submit,b1368,,sprint,,web
1567602310331,enter,e1368,,sprint,,web
1567602805039,quit,e1368,,sprint,,web
1567603392704,enter,e1368,,sprint,,web
1567603395623,play_audio,b1368,0,sprint,,web
1567603413047,pause_audio,b1368,16334,sprint,,web
1567603415732,quit,e1368,,sprint,,web
1567603418270,enter,b1319,,sprint,,web
1567603418304,play_audio,b1319,16334,sprint,,web
1567603431798,pause_audio,b1319,13322,sprint,,web
1567603434521,respond,q1319,,sprint,b,web
1567603435943,respond,q1319,,sprint,a,web
1567603437908,play_audio,b1319,13322,sprint,,web
1567603449559,respond,q1319,,sprint,b,web
1567603451254,pause_audio,b1319,13322,sprint,,web
1567603452347,respond,q1319,,sprint,c,web
1567603453959,submit,b1319,,sprint,,web
1567603455366,enter,e1319,,sprint,,web
1567603460949,play_audio,b1319,0,sprint,,web
1567603474293,pause_audio,b1319,13322,sprint,,web
1567603475139,quit,e1319,,sprint,,web
1567603477160,enter,b1259,,sprint,,web
1567603477227,play_audio,b1259,13322,sprint,,web
1567603491855,respond,q1259,,sprint,b,web
1567603496035,pause_audio,b1259,18625,sprint,,web
1567603496323,submit,b1259,,sprint,,web
1567603497852,enter,e1259,,sprint,,web
1567603502521,play_audio,b1259,0,sprint,,web
1567603521167,pause_audio,b1259,18625,sprint,,web
1567603523922,quit,e1259,,sprint,,web
1567603527521,enter,b856,,sprint,,web
1567603527544,play_audio,b856,18625,sprint,,web
1567603541110,pause_audio,b856,13426,sprint,,web
1567603542997,respond,q856,,sprint,c,web
1567603544072,submit,b856,,sprint,,web
1567603557157,enter,b686,,adaptive_offer,,web
1567603557229,play_audio,b686,0,adaptive_offer,,web
1567603566400,erase_choice,q686,,adaptive_offer,a,web
1567603569261,respond,q686,,adaptive_offer,b,web
1567603571228,pause_audio,b686,13530,adaptive_offer,,web
1567603571230,submit,b686,,adaptive_offer,,web
1567603572513,enter,e686,,adaptive_offer,,web
1567603573797,quit,e686,,adaptive_offer,,web
1567603574632,enter,b1316,,adaptive_offer,,web
1567603574665,play_audio,b1316,0,adaptive_offer,,web
1567603591394,pause_audio,b1316,16561,adaptive_offer,,web
1567603592597,respond,q1316,,adaptive_offer,c,web
1567603593532,submit,b1316,,adaptive_offer,,web
1567603595145,enter,e1316,,adaptive_offer,,web
1567603596625,quit,e1316,,adaptive_offer,,web
1567603598337,enter,e856,,sprint,,web
1567603601525,play_audio,b856,0,sprint,,web
1567603612355,pause_audio,b856,0,sprint,,web
1567603612458,play_audio,b856,0,sprint,,web
1567603625077,quit,e856,,sprint,,web
1567603644700,enter,e569,,sprint,,web
1567603648162,play_audio,b569,0,sprint,,web
1567603662948,pause_audio,b569,14748,sprint,,web
1567603664376,quit,e569,,sprint,,web
1567603666786,enter,b854,,sprint,,web
1567603666819,play_audio,b854,14748,sprint,,web
1567603676382,respond,q854,,sprint,a,web
1567603682891,pause_audio,b854,15882,sprint,,web
1567603683087,submit,b854,,sprint,,web
1567603690563,enter,e854,,sprint,,web
1567603692116,play_audio,b854,0,sprint,,web
1567603708023,pause_audio,b854,15882,sprint,,web
1567603708762,quit,e854,,sprint,,web
1567603710722,enter,b758,,sprint,,web
1567603710751,play_audio,b758,15882,sprint,,web
1567603721447,respond,q758,,sprint,a,web
1567603726887,pause_audio,b758,15673,sprint,,web
1567603727316,respond,q758,,sprint,c,web
1567603728517,submit,b758,,sprint,,web
1567603730114,enter,e758,,sprint,,web
1567603732945,play_audio,b758,0,sprint,,web
1567603748642,pause_audio,b758,15673,sprint,,web
1567603751936,quit,e758,,sprint,,web
1567603753932,enter,b732,,sprint,,web
1567603753958,play_audio,b732,15673,sprint,,web
1567603767676,respond,q732,,sprint,a,web
1567603772206,pause_audio,b732,17946,sprint,,web
1567603772701,submit,b732,,sprint,,web
1567603773719,enter,e732,,sprint,,web
1567603776471,play_audio,b732,0,sprint,,web
1567603794452,pause_audio,b732,17946,sprint,,web
1567603797989,quit,e732,,sprint,,web
1567603799885,enter,b696,,sprint,,web
1567603799907,play_audio,b696,17946,sprint,,web
1567603814951,erase_choice,q696,,sprint,b,web
1567603818109,pause_audio,b696,17710,sprint,,web
1567603821647,respond,q696,,sprint,c,web
1567603825487,submit,b696,,sprint,,web
1567603826678,enter,e696,,sprint,,web
1567603834733,play_audio,b696,0,sprint,,web
1567603852467,pause_audio,b696,17710,sprint,,web
1567603854963,quit,e696,,sprint,,web
1567603857233,enter,b621,,sprint,,web
1567603857255,play_audio,b621,17710,sprint,,web
1567603867370,respond,q621,,sprint,a,web
1567603868646,pause_audio,b621,10605,sprint,,web
1567603868648,submit,b621,,sprint,,web
1567603869676,enter,e621,,sprint,,web
1567603873965,quit,e621,,sprint,,web
1567603876387,enter,b1030,,sprint,,web
1567603876410,play_audio,b1030,0,sprint,,web
1567603891541,respond,q1030,,sprint,b,web
1567603894318,pause_audio,b1030,17371,sprint,,web
1567603895134,submit,b1030,,sprint,,web
1567603896171,enter,e1030,,sprint,,web
1567603901609,play_audio,b1030,0,sprint,,web
1567603919034,pause_audio,b1030,17371,sprint,,web
1567604408372,play_audio,b1030,17371,sprint,,web
1567604424898,pause_audio,b1030,15479,sprint,,web
1567604424900,quit,e1030,,sprint,,web
1567604428875,enter,b956,,sprint,,web
1567604428926,play_audio,b956,15479,sprint,,web
1567604447472,pause_audio,b956,18024,sprint,,web
1567604450122,respond,q956,,sprint,a,web
1567604451467,submit,b956,,sprint,,web
1567604452958,enter,e956,,sprint,,web
1567604455812,play_audio,b956,0,sprint,,web
1567604468731,pause_audio,b956,12459,sprint,,web
1567604468733,quit,e956,,sprint,,web
1567604470633,enter,b692,,sprint,,web
1567604470659,play_audio,b692,12459,sprint,,web
1567604482188,respond,q692,,sprint,a,web
1567604488584,pause_audio,b692,17767,sprint,,web
1567604489658,submit,b692,,sprint,,web
1567604491041,enter,e692,,sprint,,web
1567604495300,play_audio,b692,0,sprint,,web
1567604513094,pause_audio,b692,17767,sprint,,web
1567604515500,quit,e692,,sprint,,web
1567604517322,enter,b565,,sprint,,web
1567604517376,play_audio,b565,17767,sprint,,web
1567604528181,respond,q565,,sprint,a,web
1567604533783,pause_audio,b565,15882,sprint,,web
1567604534421,respond,q565,,sprint,b,web
1567604535810,submit,b565,,sprint,,web
